name	published	url	tier
capability-based-financial-instruments	2000-02-21	https://papers.agoric.com/assets/pdf/papers/capability-based-financial-instruments.pdf	text
capability-myths-demolished	2003-03-01	https://papers.agoric.com/assets/pdf/papers/capability-myths-demolished.pdf	text
paradigm-regained	2003-12-10	https://web.archive.org/web/2023id_/http://erights.org/talks/asian03/paradigm-revised.pdf	text
polaris	2004-12-01	http://shiftleft.com/mirrors/www.hpl.hp.com/techreports/2004/HPL-2004-221.pdf	text
concurrency-among-strangers	2005-04-15	https://papers.agoric.com/assets/pdf/papers/concurrency-among-strangers.pdf	text
robust-composition	2006-05-15	https://papers.agoric.com/assets/pdf/papers/robust-composition.pdf	text
horton-delegating-responsibility	2007-08-01	https://www.usenix.org/legacy/event/hotsec07/tech/full_papers/miller/miller.pdf	text
distributed-electronic-rights-in-javascript	2013-03-16	https://papers.agoric.com/assets/pdf/papers/distributed-electronic-rights-in-javascript.pdf	text
markets-and-computation	1988-06-01	https://papers.agoric.com/assets/pdf/papers/markets-and-computation-agoric-open-systems.pdf	scan
incentive-engineering	1988-06-01	https://papers.agoric.com/assets/pdf/papers/incentive-engineering-for-computational-resource-management.pdf	scan
comparative-ecology	1988-06-01	https://papers.agoric.com/assets/pdf/papers/comparative-ecology-a-computational-perspective.pdf	scan
